GC,seq_id,group,type
GCall,000011,Model1,top
GCall,000021,normal,normal
GCall,000024,Model2,bottom
GCall,000069,Model2,top
GCall,000070,Model1,bottom
GCall,000123,Model1,bottom
GCall,000166,Model2,bottom
GCall,000173,Model2,top
GCall,000198,Model1,bottom
GCall,000208,normal,normal
GCall,000282,normal,normal
GCall,000293,Model2,bottom
GCall,000296,Model2,top
GCall,000303,normal,normal
GCall,000331,Model1,top
GCall,000366,Model1,top
GCall,000369,Model1,top
GCall,000414,Model1,top
GCall,000431,Model1,bottom
GCall,000432,Model1,bottom
GCall,000439,normal,normal
GCall,000459,Model2,top
GCall,000466,Model2,top
GCall,000558,Model1,bottom
GCall,000576,Model2,top
GCall,000608,normal,normal
GCall,000610,normal,normal
GCall,000632,Model2,top
GCall,000634,Model1,top
GCall,000675,normal,normal
GCall,000703,Model2,bottom
GCall,000727,Model1,bottom
GCall,000752,Model2,bottom
GCall,000765,Model1,bottom
GCall,000834,Model2,bottom
GCall,000860,Model2,top
GCall,000870,Model1,bottom
GCall,000894,Model2,bottom
GCall,000900,normal,normal
GCall,000907,Model2,bottom
GCall,000918,normal,normal
GCall,000946,Model2,bottom
GCall,001015,Model1,bottom
GCall,001046,Model2,top
GCall,001056,Model1,top
GCall,001080,Model1,top
GCall,001158,Model1,bottom
GCall,001164,normal,normal
GCall,001167,Model2,top
GCall,001193,normal,normal
GCall,001203,Model1,top
GCall,001267,Model1,bottom
GCall,001350,Model1,bottom
GCall,001371,Model2,top
GCall,001380,Model1,bottom
GCall,001387,Model1,bottom
GCall,001390,normal,normal
GCall,001408,Model1,bottom
GCall,001433,normal,normal
GCall,001437,Model1,bottom
GCall,001445,normal,normal
GCall,001472,normal,normal
GCall,001492,Model1,bottom
GCall,001493,normal,normal
GCall,001525,Model2,top
GCall,001613,normal,normal
GCall,001634,Model1,top
GCall,001646,normal,normal
GCall,001761,normal,normal
GCall,001778,Model1,top
GCall,001837,normal,normal
GCall,001851,Model1,top
GCall,001865,Model1,top
GCall,001874,Model1,bottom
GCall,001878,Model2,top
GCall,001903,normal,normal
GCall,001919,Model1,top
GCall,001972,Model1,bottom
GCall,001978,normal,normal
GCall,002013,normal,normal
GCall,002015,normal,normal
GCall,002020,Model2,bottom
GCall,002038,normal,normal
GCall,002046,Model2,bottom
GCall,002094,normal,normal
GCall,002135,normal,normal
GCall,002145,Model1,bottom
GCall,002159,Model1,bottom
GCall,002161,Model1,top
GCall,002169,Model2,bottom
GCall,002180,Model2,top
GCall,002196,normal,normal
GCall,002199,Model1,bottom
GCall,002225,Model1,bottom
GCall,002279,normal,normal
GCall,002328,Model1,top
GCall,002336,normal,normal
GCall,002337,Model1,bottom
GCall,002343,Model2,top
GCall,002345,Model1,bottom
GCall,002381,Model2,bottom
GCall,002398,Model1,bottom
GCall,002405,Model1,top
GCall,002469,Model1,bottom
GCall,002470,normal,normal
GCall,002482,Model1,top
GCall,002499,normal,normal
GCall,002500,Model1,bottom
GCall,002514,Model2,bottom
GCall,002517,Model1,top
GCall,002565,Model1,bottom
GCall,002611,Model2,bottom
GCall,002628,Model1,top
GCall,002631,Model1,bottom
GCall,002734,Model2,bottom
GCall,002851,Model1,bottom
GCall,002924,Model2,top
GCall,002957,Model1,bottom
GCall,002983,Model1,top
GCall,003002,Model1,top
GCall,003038,Model2,top
GCall,003050,Model2,top
GCall,003056,Model1,bottom
GCall,003077,Model1,bottom
GCall,003083,Model1,top
GCall,003089,Model1,top
GCall,003109,Model2,bottom
GCall,003168,Model2,bottom
GCall,003213,normal,normal
GCall,003265,normal,normal
GCall,003266,Model2,bottom
GCall,003292,Model2,top
GCall,003345,normal,normal
GCall,003354,normal,normal
GCall,003379,Model2,top
GCall,003420,Model2,bottom
GCall,003424,Model2,top
GCall,003473,Model1,top
GCall,003487,normal,normal
GCall,003518,Model2,top
GCall,003527,normal,normal
GCall,003530,Model2,bottom
GCall,003537,Model2,bottom
GCall,003551,Model1,top
GCall,003574,Model2,top
GCall,003582,Model1,bottom
GCall,003620,Model1,top
GCall,003628,normal,normal
GCall,003696,Model2,top
GCall,003773,Model2,top
GCall,003795,normal,normal
GCall,003805,Model2,top
GCall,003813,normal,normal
GCall,003881,Model2,bottom
GCall,003884,Model2,top
GCall,003891,Model1,top
GCall,003902,normal,normal
GCall,003903,Model1,top
GCall,003916,Model2,top
GCall,003919,Model1,top
GCall,003922,Model1,top
GCall,003959,Model1,bottom
GCall,003968,Model2,top
GCall,003974,Model1,bottom
GCall,003996,Model1,top
GCall,004014,normal,normal
GCall,004019,Model2,top
GCall,004037,Model2,top
GCall,004061,Model2,top
GCall,004064,Model2,top
GCall,004085,normal,normal
GCall,004087,Model1,bottom
GCall,004122,Model2,top
GCall,004125,Model2,top
GCall,004208,normal,normal
GCall,004213,Model1,top
GCall,004301,Model1,bottom
GCall,004341,Model2,bottom
GCall,004377,Model1,top
GCall,004436,Model1,top
GCall,004442,Model2,top
GCall,004468,Model2,top
GCall,004481,normal,normal
GCall,004494,normal,normal
GCall,004501,Model1,bottom
GCall,004556,Model2,bottom
GCall,004576,Model2,top
GCall,004601,Model1,top
GCall,004607,Model2,bottom
GCall,004726,normal,normal
GCall,004773,Model2,top
GCall,004776,Model2,top
GCall,004788,Model2,top
GCall,004840,normal,normal
GCall,004855,Model2,bottom
GCall,004867,normal,normal
GCall,004876,normal,normal
GCall,004880,Model1,bottom
GCall,004890,Model1,bottom
GCall,004897,normal,normal
GCall,004934,normal,normal
GCall,004953,Model2,top
GCall,004960,Model2,top
GCall,004965,Model2,top
GCall,004981,Model2,top
GCall,004995,Model2,top
GCall,005051,normal,normal
GCall,005056,Model1,top
GCall,005062,Model1,top
GCall,005091,Model1,bottom
GCall,005095,Model1,bottom
GCall,005098,Model2,bottom
GCall,005107,Model2,top
GCall,005126,Model2,top
GCall,005171,normal,normal
GCall,005173,normal,normal
GCall,005204,Model1,top
GCall,005210,Model1,top
GCall,005273,normal,normal
GCall,005302,normal,normal
GCall,005303,normal,normal
GCall,005327,normal,normal
GCall,005335,Model2,bottom
GCall,005365,Model2,bottom
GCall,005373,Model1,bottom
GCall,005457,Model1,bottom
GCall,005460,Model2,top
GCall,005469,Model2,top
GCall,005495,Model2,bottom
GCall,005506,Model2,bottom
GCall,005534,Model1,bottom
GCall,005538,Model2,top
GCall,005548,Model1,bottom
GCall,005618,Model1,bottom
GCall,005623,Model2,bottom
GCall,005641,Model1,bottom
GCall,005676,Model2,top
GCall,005716,Model1,bottom
GCall,005748,Model1,top
GCall,005749,Model1,top
GCall,005771,Model2,top
GCall,005794,Model1,bottom
GCall,005804,Model1,top
GCall,005872,Model1,top
GCall,005896,Model1,bottom
GCall,005901,Model2,bottom
GCall,005924,normal,normal
GCall,005933,Model1,top
GCall,005948,Model2,bottom
GCall,006000,Model2,top
GCall,006039,normal,normal
GCall,006055,normal,normal
GCall,006119,Model1,bottom
GCall,006134,Model2,top
GCall,006159,Model1,bottom
GCall,006217,Model1,top
GCall,006242,Model2,top
GCall,006257,normal,normal
GCall,006262,Model2,top
GCall,006279,Model2,top
GCall,006291,Model1,bottom
GCall,006349,normal,normal
GCall,006378,Model1,top
GCall,006409,Model1,bottom
GCall,006461,Model1,top
GCall,006477,Model2,top
GCall,006488,Model1,top
GCall,006502,normal,normal
GCall,006538,Model1,bottom
GCall,006561,Model2,bottom
GCall,006565,normal,normal
GCall,006569,Model1,bottom
GCall,006580,Model2,bottom
GCall,006623,Model2,bottom
GCall,006666,Model1,bottom
GCall,006679,Model1,bottom
GCall,006686,Model1,bottom
GCall,006695,Model2,top
GCall,006696,Model2,bottom
GCall,006718,normal,normal
GCall,006762,Model2,top
GCall,006778,Model1,bottom
GCall,006793,Model1,bottom
GCall,006796,Model1,bottom
GCall,006830,Model1,top
GCall,006853,Model1,top
GCall,006861,normal,normal
GCall,006870,Model1,top
GCall,006897,Model1,top
GCall,006946,Model1,bottom
GCall,006949,normal,normal
GCall,006957,Model1,top
GCall,007045,normal,normal
GCall,007067,Model2,top
GCall,007076,Model2,bottom
GCall,007113,normal,normal
GCall,007142,normal,normal
GCall,007207,Model1,top
GCall,007218,Model2,bottom
GCall,007232,Model1,top
GCall,007245,Model2,bottom
GCall,007257,normal,normal
GCall,007316,normal,normal
GCall,007354,Model1,top
GCall,007462,Model2,top
GCall,007497,Model2,top
GCall,007574,Model1,top
GCall,007615,Model2,top
GCall,007634,Model2,bottom
GCall,007645,Model2,bottom
GCall,007674,Model1,bottom
GCall,007684,Model2,top
GCall,007688,Model1,top
GCall,007709,Model1,top
GCall,007723,Model2,top
GCall,007731,Model2,top
GCall,007752,normal,normal
GCall,007775,Model1,top
GCall,007808,Model1,top
GCall,007813,Model1,bottom
GCall,007835,Model2,top
GCall,007852,Model2,bottom
GCall,007880,Model1,top
GCall,007891,Model1,bottom
GCall,007900,Model1,bottom
GCall,007925,Model1,top
GCall,007967,normal,normal
GCall,008070,Model1,top
GCall,008141,Model2,bottom
GCall,008146,Model2,bottom
GCall,008165,normal,normal
GCall,008190,Model2,top
GCall,008236,Model1,top
GCall,008239,normal,normal
GCall,008247,Model1,top
GCall,008253,Model2,bottom
GCall,008285,normal,normal
GCall,008298,Model2,bottom
GCall,008310,Model2,top
GCall,008335,Model2,bottom
GCall,008336,Model1,top
GCall,008351,normal,normal
GCall,008358,normal,normal
GCall,008368,Model2,top
GCall,008380,Model1,top
GCall,008392,Model1,bottom
GCall,008397,normal,normal
GCall,008497,Model1,bottom
GCall,008498,Model1,bottom
GCall,008503,Model1,top
GCall,008522,normal,normal
GCall,008580,Model2,bottom
GCall,008607,normal,normal
GCall,008616,normal,normal
GCall,008633,normal,normal
GCall,008644,Model1,top
GCall,008650,Model2,top
GCall,008705,Model2,bottom
GCall,008713,Model2,bottom
GCall,008719,Model2,top
GCall,008824,Model1,bottom
GCall,008840,normal,normal
GCall,008851,Model2,bottom
GCall,008864,normal,normal
GCall,008868,normal,normal
GCall,008869,Model2,bottom
GCall,008872,Model2,top
GCall,008912,Model2,top
GCall,008965,normal,normal
GCall,009012,Model2,top
GCall,009033,normal,normal
GCall,009055,normal,normal
GCall,009068,Model1,top
GCall,009088,Model1,top
GCall,009124,normal,normal
GCall,009163,Model2,bottom
GCall,009169,normal,normal
GCall,009233,normal,normal
GCall,009239,Model2,top
GCall,009241,Model2,top
GCall,009244,normal,normal
GCall,009296,Model1,bottom
GCall,009316,Model1,bottom
GCall,009332,Model1,bottom
GCall,009362,Model1,bottom
GCall,009388,Model2,top
GCall,009395,Model1,bottom
GCall,009439,Model2,top
GCall,009466,Model2,bottom
GCall,009600,normal,normal
GCall,009612,normal,normal
GCall,009627,normal,normal
GCall,009628,Model1,top
GCall,009637,Model2,bottom
GCall,009688,normal,normal
GCall,009697,Model2,bottom
GCall,009723,Model2,top
GCall,009745,Model1,top
GCall,009760,Model1,top
GCall,009807,Model1,bottom
GCall,009878,Model1,top
GCall,009880,Model2,top
GCall,009881,normal,normal
GCall,009882,Model2,top
GCall,009888,normal,normal
GCall,009905,normal,normal
GCall,009907,Model2,bottom
GCall,009919,Model1,top
GCall,009948,Model1,top
GCall,009953,Model2,bottom
GCall,009970,Model1,bottom
GCall,009972,Model1,bottom
GCall,009976,Model2,bottom
GCall,009982,Model1,bottom
GCall,009985,Model1,top
GCall,009992,Model1,bottom
GCall,010012,normal,normal
GCall,010027,Model1,top
GCall,010052,Model1,bottom
GCall,010069,normal,normal
GCall,010081,normal,normal
GCall,010100,normal,normal
GCall,010123,Model2,top
GCall,010142,Model2,top
GCall,010153,normal,normal
GCall,010158,Model2,top
GCall,010169,Model1,top
GCall,010192,normal,normal
GCall,010215,normal,normal
GCall,010217,Model1,top
GCall,010222,Model1,bottom
GCall,010229,Model1,bottom
GCall,010305,Model1,bottom
GCall,010314,Model2,top
GCall,010329,Model1,top
GCall,010349,Model2,top
GCall,010368,Model1,top
GCall,010387,Model1,top
GCall,010432,Model1,bottom
GCall,010467,Model1,bottom
GCall,010490,Model1,bottom
GCall,010506,Model1,top
GCall,010523,Model1,bottom
GCall,010527,normal,normal
GCall,010616,normal,normal
GCall,010649,Model2,top
GCall,010677,Model1,top
GCall,010694,normal,normal
GCall,010726,normal,normal
GCall,010748,Model1,top
GCall,010756,Model1,top
GCall,010770,Model2,top
GCall,010777,normal,normal
GCall,010815,Model1,top
GCall,010833,Model2,top
GCall,010899,Model2,top
GCall,010902,Model1,top
GCall,010909,Model2,bottom
GCall,010923,normal,normal
GCall,010929,Model2,bottom
GCall,010977,Model2,top
GCall,010980,normal,normal
GCall,011014,Model1,bottom
GCall,011080,Model2,top
GCall,011111,Model2,bottom
GCall,011139,Model2,bottom
GCall,011148,Model2,bottom
GCall,011151,Model2,top
GCall,011180,normal,normal
GCall,011186,Model1,top
GCall,011201,Model2,top
GCall,011209,Model2,bottom
GCall,011248,normal,normal
GCall,011257,Model1,bottom
GCall,011282,Model1,top
GCall,011298,Model2,bottom
GCall,011315,normal,normal
GCall,011452,Model1,top
GCall,011471,Model2,top
GCall,011493,Model1,bottom
GCall,011555,Model2,bottom
GCall,011580,Model1,bottom
GCall,011608,normal,normal
GCall,011687,Model2,top
GCall,011691,Model2,bottom
GCall,011701,Model1,top
GCall,011702,Model1,top
GCall,011713,Model1,top
GCall,011744,Model1,top
GCall,011761,Model2,bottom
GCall,011851,normal,normal
GCall,011861,normal,normal
GCall,011870,Model1,bottom
GCall,011889,normal,normal
GCall,011896,Model1,bottom
GCall,011899,normal,normal
GCall,011924,normal,normal
GCall,011934,Model1,top
GCall,011936,normal,normal
GCall,011987,Model1,bottom
GCfix,000022,Model2,top
GCfix,000026,Model1,bottom
GCfix,000069,Model2,bottom
GCfix,000077,Model1,top
GCfix,000120,Model1,bottom
GCfix,000122,normal,normal
GCfix,000183,Model1,bottom
GCfix,000188,Model2,top
GCfix,000253,Model1,bottom
GCfix,000276,Model1,bottom
GCfix,000287,Model1,top
GCfix,000310,normal,normal
GCfix,000328,normal,normal
GCfix,000338,Model1,bottom
GCfix,000352,normal,normal
GCfix,000358,Model2,top
GCfix,000386,Model1,bottom
GCfix,000458,Model1,top
GCfix,000468,Model1,bottom
GCfix,000485,normal,normal
GCfix,000494,normal,normal
GCfix,000501,Model2,bottom
GCfix,000543,Model1,top
GCfix,000590,Model1,top
GCfix,000614,Model2,top
GCfix,000633,normal,normal
GCfix,000658,Model1,bottom
GCfix,000661,Model1,top
GCfix,000662,Model2,bottom
GCfix,000666,Model1,bottom
GCfix,000668,Model1,top
GCfix,000672,Model2,top
GCfix,000710,Model2,top
GCfix,000765,Model2,bottom
GCfix,000833,Model1,top
GCfix,000939,Model1,top
GCfix,000952,Model1,top
GCfix,000982,Model2,bottom
GCfix,000986,normal,normal
GCfix,001010,Model1,top
GCfix,001024,Model1,bottom
GCfix,001025,Model1,bottom
GCfix,001044,Model1,bottom
GCfix,001049,Model1,top
GCfix,001195,Model2,top
GCfix,001298,normal,normal
GCfix,001301,Model1,top
GCfix,001324,Model1,bottom
GCfix,001327,Model1,bottom
GCfix,001331,Model2,bottom
GCfix,001349,normal,normal
GCfix,001377,Model1,bottom
GCfix,001380,Model2,top
GCfix,001405,Model1,bottom
GCfix,001423,Model1,top
GCfix,001424,Model2,top
GCfix,001466,Model2,bottom
GCfix,001486,normal,normal
GCfix,001509,Model1,top
GCfix,001510,Model2,top
GCfix,001516,Model1,bottom
GCfix,001523,Model2,bottom
GCfix,001552,normal,normal
GCfix,001579,Model1,top
GCfix,001586,Model1,top
GCfix,001590,Model1,bottom
GCfix,001592,Model1,bottom
GCfix,001594,normal,normal
GCfix,001606,normal,normal
GCfix,001628,normal,normal
GCfix,001630,normal,normal
GCfix,001675,normal,normal
GCfix,001681,Model2,top
GCfix,001713,Model2,bottom
GCfix,001733,Model2,bottom
GCfix,001746,Model2,top
GCfix,001776,Model2,top
GCfix,001825,normal,normal
GCfix,001845,Model1,bottom
GCfix,001855,normal,normal
GCfix,001881,Model1,top
GCfix,001888,normal,normal
GCfix,001892,Model1,top
GCfix,001904,normal,normal
GCfix,001910,Model2,top
GCfix,001921,normal,normal
GCfix,001936,normal,normal
GCfix,001959,Model1,bottom
GCfix,002038,Model1,top
GCfix,002051,Model1,top
GCfix,002058,normal,normal
GCfix,002088,Model1,top
GCfix,002105,Model2,top
GCfix,002122,Model2,bottom
GCfix,002162,Model2,top
GCfix,002254,Model1,bottom
GCfix,002262,Model1,bottom
GCfix,002268,Model1,bottom
GCfix,002314,Model2,bottom
GCfix,002364,Model1,bottom
GCfix,002416,Model2,bottom
GCfix,002438,Model2,bottom
GCfix,002463,Model1,bottom
GCfix,002479,normal,normal
GCfix,002482,Model2,bottom
GCfix,002516,Model1,bottom
GCfix,002543,Model1,top
GCfix,002574,Model1,bottom
GCfix,002595,Model2,top
GCfix,002612,normal,normal
GCfix,002651,Model2,bottom
GCfix,002652,normal,normal
GCfix,002655,Model2,top
GCfix,002668,normal,normal
GCfix,002669,Model2,top
GCfix,002677,Model1,top
GCfix,002681,Model2,top
GCfix,002692,normal,normal
GCfix,002715,normal,normal
GCfix,002761,Model1,bottom
GCfix,002804,Model2,top
GCfix,002813,Model1,top
GCfix,002838,Model1,top
GCfix,002865,Model2,bottom
GCfix,002881,normal,normal
GCfix,002883,Model1,top
GCfix,002912,Model2,top
GCfix,002913,Model1,bottom
GCfix,002954,Model1,top
GCfix,002975,normal,normal
GCfix,002984,Model1,bottom
GCfix,003151,Model2,top
GCfix,003152,Model1,top
GCfix,003174,Model2,bottom
GCfix,003192,Model1,top
GCfix,003237,Model2,top
GCfix,003248,Model2,top
GCfix,003351,Model2,top
GCfix,003352,Model2,top
GCfix,003377,Model2,top
GCfix,003384,normal,normal
GCfix,003389,normal,normal
GCfix,003433,normal,normal
GCfix,003441,Model1,bottom
GCfix,003447,Model2,bottom
GCfix,003449,Model1,bottom
GCfix,003459,normal,normal
GCfix,003461,Model2,top
GCfix,003478,Model2,bottom
GCfix,003501,normal,normal
GCfix,003507,Model1,bottom
GCfix,003525,Model1,bottom
GCfix,003530,Model2,top
GCfix,003565,normal,normal
GCfix,003573,normal,normal
GCfix,003579,normal,normal
GCfix,003584,normal,normal
GCfix,003591,Model1,bottom
GCfix,003707,Model1,bottom
GCfix,003752,Model1,bottom
GCfix,003779,normal,normal
GCfix,003832,Model2,top
GCfix,003906,normal,normal
GCfix,003910,Model1,top
GCfix,003914,Model1,bottom
GCfix,003924,Model2,top
GCfix,003977,Model1,bottom
GCfix,003979,Model2,top
GCfix,003988,Model1,bottom
GCfix,003995,normal,normal
GCfix,004038,Model1,top
GCfix,004076,Model1,top
GCfix,004079,normal,normal
GCfix,004141,Model1,bottom
GCfix,004146,Model1,top
GCfix,004183,Model1,top
GCfix,004267,Model2,top
GCfix,004297,Model1,top
GCfix,004325,Model2,bottom
GCfix,004351,normal,normal
GCfix,004354,normal,normal
GCfix,004361,Model2,top
GCfix,004364,Model1,top
GCfix,004391,Model2,top
GCfix,004470,Model2,top
GCfix,004562,Model2,top
GCfix,004611,Model1,top
GCfix,004684,Model2,bottom
GCfix,004694,Model1,bottom
GCfix,004719,Model1,top
GCfix,004724,normal,normal
GCfix,004762,normal,normal
GCfix,004773,Model2,top
GCfix,004814,Model1,top
GCfix,004825,Model2,top
GCfix,004846,Model1,bottom
GCfix,004928,Model2,top
GCfix,004976,Model1,top
GCfix,004977,Model2,bottom
GCfix,005031,normal,normal
GCfix,005042,Model1,bottom
GCfix,005060,Model1,top
GCfix,005127,Model2,top
GCfix,005155,Model1,top
GCfix,005163,Model1,top
GCfix,005179,Model1,top
GCfix,005198,normal,normal
GCfix,005217,Model2,bottom
GCfix,005219,normal,normal
GCfix,005235,Model1,top
GCfix,005294,Model2,bottom
GCfix,005295,Model2,bottom
GCfix,005299,Model2,top
GCfix,005310,normal,normal
GCfix,005371,Model2,top
GCfix,005405,Model1,top
GCfix,005470,Model2,bottom
GCfix,005473,Model1,top
GCfix,005481,Model1,top
GCfix,005482,Model1,bottom
GCfix,005488,Model2,bottom
GCfix,005505,normal,normal
GCfix,005514,Model1,bottom
GCfix,005555,Model2,top
GCfix,005569,Model1,top
GCfix,005618,Model1,bottom
GCfix,005653,normal,normal
GCfix,005658,Model1,bottom
GCfix,005678,Model1,top
GCfix,005815,Model2,top
GCfix,005829,Model2,bottom
GCfix,005845,Model1,bottom
GCfix,005857,normal,normal
GCfix,005933,Model1,top
GCfix,005996,normal,normal
GCfix,006001,normal,normal
GCfix,006020,normal,normal
GCfix,006032,Model1,bottom
GCfix,006033,normal,normal
GCfix,006035,normal,normal
GCfix,006046,Model1,top
GCfix,006125,Model2,bottom
GCfix,006126,Model1,bottom
GCfix,006134,Model2,top
GCfix,006160,Model1,top
GCfix,006164,normal,normal
GCfix,006179,Model1,top
GCfix,006184,Model1,top
GCfix,006194,normal,normal
GCfix,006220,Model1,top
GCfix,006223,Model1,bottom
GCfix,006234,Model1,bottom
GCfix,006246,Model2,bottom
GCfix,006254,Model2,top
GCfix,006258,Model2,top
GCfix,006284,Model2,bottom
GCfix,006285,Model2,top
GCfix,006390,Model1,bottom
GCfix,006392,Model1,top
GCfix,006416,Model2,bottom
GCfix,006488,Model2,bottom
GCfix,006490,Model2,top
GCfix,006512,Model2,top
GCfix,006517,Model2,top
GCfix,006557,Model1,bottom
GCfix,006640,Model1,bottom
GCfix,006675,Model1,bottom
GCfix,006691,Model2,bottom
GCfix,006706,Model1,top
GCfix,006716,Model2,bottom
GCfix,006745,Model2,top
GCfix,006748,Model1,top
GCfix,006749,Model1,top
GCfix,006775,Model1,top
GCfix,006793,Model1,top
GCfix,006841,normal,normal
GCfix,006854,normal,normal
GCfix,006872,normal,normal
GCfix,006932,Model2,bottom
GCfix,006950,normal,normal
GCfix,006967,Model2,top
GCfix,006994,Model1,bottom
GCfix,007034,Model2,top
GCfix,007042,Model1,top
GCfix,007047,Model1,top
GCfix,007049,Model2,top
GCfix,007077,Model1,bottom
GCfix,007078,Model1,bottom
GCfix,007100,Model1,bottom
GCfix,007138,Model2,top
GCfix,007180,Model2,bottom
GCfix,007239,normal,normal
GCfix,007241,Model2,bottom
GCfix,007281,Model1,bottom
GCfix,007286,normal,normal
GCfix,007293,normal,normal
GCfix,007304,Model1,top
GCfix,007349,Model1,top
GCfix,007366,Model1,bottom
GCfix,007382,Model1,top
GCfix,007384,Model1,bottom
GCfix,007429,Model2,top
GCfix,007432,Model2,bottom
GCfix,007435,Model2,bottom
GCfix,007482,normal,normal
GCfix,007492,Model2,top
GCfix,007505,Model1,top
GCfix,007507,Model1,top
GCfix,007512,normal,normal
GCfix,007545,normal,normal
GCfix,007548,Model1,top
GCfix,007557,Model2,top
GCfix,007613,normal,normal
GCfix,007615,normal,normal
GCfix,007621,normal,normal
GCfix,007692,Model2,top
GCfix,007726,Model2,top
GCfix,007733,Model2,top
GCfix,007744,Model2,top
GCfix,007747,Model2,top
GCfix,007750,Model1,top
GCfix,007755,Model2,top
GCfix,007757,Model2,bottom
GCfix,007818,Model2,bottom
GCfix,007821,Model2,bottom
GCfix,007858,Model2,bottom
GCfix,007861,Model2,bottom
GCfix,007895,normal,normal
GCfix,007922,Model2,bottom
GCfix,007930,normal,normal
GCfix,007936,Model1,top
GCfix,007942,Model1,top
GCfix,007957,normal,normal
GCfix,007959,normal,normal
GCfix,008067,normal,normal
GCfix,008068,Model1,bottom
GCfix,008095,Model2,bottom
GCfix,008116,Model1,bottom
GCfix,008132,Model1,top
GCfix,008161,Model2,bottom
GCfix,008163,normal,normal
GCfix,008175,Model2,bottom
GCfix,008180,normal,normal
GCfix,008205,Model2,top
GCfix,008210,Model2,bottom
GCfix,008217,Model2,top
GCfix,008218,Model1,top
GCfix,008239,Model2,bottom
GCfix,008258,normal,normal
GCfix,008279,Model1,bottom
GCfix,008283,Model1,bottom
GCfix,008301,Model1,bottom
GCfix,008322,Model1,bottom
GCfix,008339,Model1,bottom
GCfix,008370,Model1,top
GCfix,008379,normal,normal
GCfix,008380,normal,normal
GCfix,008415,Model1,top
GCfix,008425,Model1,bottom
GCfix,008531,Model1,top
GCfix,008538,Model1,top
GCfix,008544,Model2,bottom
GCfix,008578,Model1,top
GCfix,008609,Model2,top
GCfix,008612,Model2,bottom
GCfix,008651,Model1,bottom
GCfix,008668,Model2,bottom
GCfix,008688,Model1,bottom
GCfix,008711,Model1,bottom
GCfix,008712,normal,normal
GCfix,008713,Model1,bottom
GCfix,008718,normal,normal
GCfix,008722,Model2,top
GCfix,008781,Model1,bottom
GCfix,008792,Model2,bottom
GCfix,008799,normal,normal
GCfix,008854,Model1,bottom
GCfix,008874,Model1,top
GCfix,008919,Model1,top
GCfix,008946,normal,normal
GCfix,008952,Model2,bottom
GCfix,009000,normal,normal
GCfix,009017,normal,normal
GCfix,009039,Model1,bottom
GCfix,009101,Model1,bottom
GCfix,009103,Model1,top
GCfix,009109,normal,normal
GCfix,009153,Model2,top
GCfix,009199,normal,normal
GCfix,009200,Model2,bottom
GCfix,009205,Model2,top
GCfix,009230,normal,normal
GCfix,009246,Model2,bottom
GCfix,009248,Model2,top
GCfix,009277,normal,normal
GCfix,009278,Model1,bottom
GCfix,009292,normal,normal
GCfix,009343,Model2,top
GCfix,009368,Model2,bottom
GCfix,009378,normal,normal
GCfix,009379,Model1,bottom
GCfix,009390,normal,normal
GCfix,009396,normal,normal
GCfix,009409,Model2,bottom
GCfix,009466,normal,normal
GCfix,009472,Model2,top
GCfix,009494,Model1,top
GCfix,009515,Model1,bottom
GCfix,009530,normal,normal
GCfix,009534,normal,normal
GCfix,009551,Model1,top
GCfix,009581,Model1,top
GCfix,009682,normal,normal
GCfix,009699,Model1,bottom
GCfix,009734,Model1,top
GCfix,009742,Model1,bottom
GCfix,009764,normal,normal
GCfix,009767,Model2,top
GCfix,009774,normal,normal
GCfix,009792,normal,normal
GCfix,009804,Model1,top
GCfix,009808,Model2,bottom
GCfix,009836,normal,normal
GCfix,009840,Model2,bottom
GCfix,009851,Model2,top
GCfix,009875,Model2,top
GCfix,009899,normal,normal
GCfix,009922,Model1,bottom
GCfix,009936,normal,normal
GCfix,009938,Model1,top
GCfix,009980,normal,normal
GCfix,010005,Model1,bottom
GCfix,010019,Model1,bottom
GCfix,010025,normal,normal
GCfix,010027,Model2,bottom
GCfix,010039,Model2,bottom
GCfix,010075,Model2,top
GCfix,010076,Model1,bottom
GCfix,010086,normal,normal
GCfix,010122,Model2,bottom
GCfix,010181,Model1,bottom
GCfix,010190,Model2,bottom
GCfix,010226,Model1,bottom
GCfix,010239,Model2,bottom
GCfix,010300,Model2,bottom
GCfix,010314,normal,normal
GCfix,010325,Model2,bottom
GCfix,010331,normal,normal
GCfix,010341,Model2,top
GCfix,010422,Model1,top
GCfix,010434,normal,normal
GCfix,010475,Model1,top
GCfix,010500,Model2,top
GCfix,010586,normal,normal
GCfix,010596,Model2,top
GCfix,010598,Model2,top
GCfix,010714,Model1,top
GCfix,010724,Model1,bottom
GCfix,010726,Model1,bottom
GCfix,010762,Model2,top
GCfix,010820,normal,normal
GCfix,010822,normal,normal
GCfix,010893,Model2,top
GCfix,010907,Model2,bottom
GCfix,010919,normal,normal
GCfix,010952,Model1,bottom
GCfix,010983,Model2,top
GCfix,010986,Model2,top
GCfix,010995,Model1,bottom
GCfix,011050,normal,normal
GCfix,011057,Model2,top
GCfix,011090,Model2,bottom
GCfix,011094,Model2,top
GCfix,011128,Model1,bottom
GCfix,011225,Model2,top
GCfix,011247,Model2,top
GCfix,011289,normal,normal
GCfix,011331,Model2,top
GCfix,011351,Model2,top
GCfix,011381,Model2,bottom
GCfix,011395,Model1,top
GCfix,011443,Model2,top
GCfix,011464,Model1,top
GCfix,011522,Model1,top
GCfix,011533,normal,normal
GCfix,011629,Model2,bottom
GCfix,011680,Model2,bottom
GCfix,011715,Model1,top
GCfix,011728,Model2,top
GCfix,011770,normal,normal
GCfix,011795,Model1,bottom
GCfix,011811,Model1,bottom
GCfix,011817,Model1,top
GCfix,011827,Model2,top
GCfix,011877,Model2,top
GCfix,011878,Model1,top
GCfix,011884,Model2,top
GCfix,011891,Model1,top
GCfix,011918,Model2,top
GCfix,011936,normal,normal